,wave,start,end,syll
3144,151_marron1_May_26_2016_54673872.wav,0.0,1.8104068602,SIL
3145,151_marron1_May_26_2016_54673872.wav,1.8104068602,2.773565388,Z
3146,151_marron1_May_26_2016_54673872.wav,2.773565388,2.8867158168,SIL
3147,151_marron1_May_26_2016_54673872.wav,2.8867158168,3.121295974,Ci
3148,151_marron1_May_26_2016_54673872.wav,3.121295974,4.145169366,C
3149,151_marron1_May_26_2016_54673872.wav,4.145169366,4.3162748924,H
3150,151_marron1_May_26_2016_54673872.wav,4.3162748924,4.3300737252,SIL
3151,151_marron1_May_26_2016_54673872.wav,4.3300737252,4.572933182,TRASH
