,wave,start,end,syll
16396,397_marron1_June_14_2016_53810241.wav,0.0,2.3480833732,SIL
16397,397_marron1_June_14_2016_53810241.wav,2.3480833732,3.7497594644,Z
16398,397_marron1_June_14_2016_53810241.wav,3.7497594644,3.8408132262,SIL
16399,397_marron1_June_14_2016_53810241.wav,3.8408132262,4.0946600774,Ci
16400,397_marron1_June_14_2016_53810241.wav,4.0946600774,4.7209995906,C
16401,397_marron1_June_14_2016_53810241.wav,4.7209995906,5.5018545784,H
16402,397_marron1_June_14_2016_53810241.wav,5.4908177587,6.230284673,E
16403,397_marron1_June_14_2016_53810241.wav,6.230284673,6.2633951318,SIL
16404,397_marron1_June_14_2016_53810241.wav,6.2633951318,7.118748652,R
