,wave,start,end,syll
23258,557_marron1_May_23_2016_62074060.wav,0.0,2.5971748675,SIL
23259,557_marron1_May_23_2016_62074060.wav,2.5971748675,3.7461109613,A
23260,557_marron1_May_23_2016_62074060.wav,3.7461109613,5.0929730209,X
23261,557_marron1_May_23_2016_62074060.wav,5.0929730209,5.4550327143,X
23262,557_marron1_May_23_2016_62074060.wav,5.4550327143,6.2998386656,O
23263,557_marron1_May_23_2016_62074060.wav,6.2998386656,6.8260320868,SIL
23264,557_marron1_May_23_2016_62074060.wav,6.8260320868,6.9708559641,K
23265,557_marron1_May_23_2016_62074060.wav,6.9708559641,7.4005001337,K2
